ISBN,Book-Rating
000649840X,7.793103448275862
0007110928,7.888888888888889
0020199600,8.263157894736842
0020442203,8.666666666666666
002542730X,7.861538461538461
0028604199,8.0
006000438X,7.482758620689655
0060008032,7.5
0060008776,6.833333333333333
006001203X,7.333333333333333
0060083948,6.769230769230769
0060085452,8.227272727272727
0060090367,7.478260869565218
0060096195,8.116279069767442
0060168013,8.153846153846153
006016848X,7.061224489795919
0060173289,7.531914893617022
0060175400,8.666666666666666
0060175966,8.26923076923077
0060188731,7.878787878787879
0060194448,7.8125
006019491X,8.32258064516129
0060198133,7.583333333333333
0060199652,8.319148936170214
0060248025,8.785714285714286
0060256656,9.833333333333334
0060256672,9.619047619047619
0060256737,9.11111111111111
0060391448,7.944444444444445
0060391626,8.327272727272728
0060392452,7.853658536585366
0060502258,7.6692307692307695
0060505885,7.285714285714286
0060512806,8.285714285714286
0060512822,8.4
0060517794,7.884615384615385
0060740450,6.608695652173913
0060809833,8.285714285714286
0060830956,8.61111111111111
0060914653,7.956521739130435
0060915544,8.53763440860215
0060916508,8.41304347826087
0060920084,7.2727272727272725
0060921145,8.01639344262295
0060922532,7.804878048780488
0060926317,7.266666666666667
0060927569,8.25
0060928336,7.914396887159533
0060929790,8.25
0060929871,7.830508474576271
006092988X,9.107142857142858
0060930187,7.903225806451613
0060930535,8.22360248447205
0060931418,8.05
0060932139,7.75
0060932759,7.513513513513513
0060932813,7.444444444444445
0060934417,8.16260162601626
0060934719,8.115384615384615
0060934913,8.15
0060935464,8.909090909090908
0060936231,6.888888888888889
0060936363,8.166666666666666
0060938455,8.4
0060955775,7.705882352941177
0060958022,7.611111111111111
0060959037,8.260416666666666
0060964049,8.0
0060976241,7.590909090909091
0060976497,5.733333333333333
0060976845,7.569620253164557
0060977337,8.0
0060977493,7.557142857142857
0060987049,7.842105263157895
0060987103,7.833333333333333
0060987529,7.542168674698795
0060987561,8.283950617283951
006098824X,7.7272727272727275
0060988649,6.5
006099486X,7.65
0061000027,7.777777777777778
0061000043,7.72
0061000175,7.684210526315789
0061009059,7.925925925925926
0061013412,6.875
006101351X,7.387096774193548
0061015725,7.573770491803279
0061020702,8.052631578947368
0061020710,7.258064516129032
0061030430,6.6923076923076925
0061030597,7.3
0061030635,7.6
0061030643,7.44
0061031070,7.55
0061031410,7.55
0061031550,7.0625
0061031844,6.352941176470588
0061032093,7.266666666666667
0061044431,7.714285714285714
0061054151,6.615384615384615
0061057649,8.38888888888889
0061091316,7.7894736842105265
0061092177,8.476190476190476
0061092606,7.947368421052632
0061092614,7.888888888888889
0061092886,7.470588235294118
0061093335,7.0
0061094129,7.555555555555555
0061096113,7.181818181818182
0061097101,7.65
0061097314,7.8431372549019605
0061097853,7.888888888888889
0061097861,8.130434782608695
006109868X,8.157894736842104
0061098795,7.608695652173913
006109921X,8.0
0061099325,7.375
0062502174,9.307692307692308
0062502182,8.028169014084508
0064400018,8.863636363636363
0064400026,8.04
0064400034,7.857142857142857
0064400042,8.681818181818182
0064400557,9.018518518518519
0064400581,7.631578947368421
0064401847,8.310344827586206
006440188X,9.444444444444445
0064405176,7.666666666666667
0064405842,8.173913043478262
006440630X,7.25
0064407055,8.166666666666666
0064407667,7.5054945054945055
0064407675,7.956521739130435
0064407683,8.310344827586206
0064407691,8.363636363636363
0064410129,8.461538461538462
0064471047,8.868421052631579
0064471055,8.545454545454545
0064471063,8.5
0064471101,8.814814814814815
0064471837,8.647058823529411
0064472272,7.790697674418604
0064472795,8.363636363636363
0066211611,7.523809523809524
0066214122,7.75
0066214440,6.5
0070212570,8.594594594594595
0091867770,8.173913043478262
0099245027,7.277777777777778
0099263815,7.769230769230769
0099279274,7.111111111111111
0099387913,7.545454545454546
0099727412,7.3076923076923075
0099747200,8.041666666666666
0099771519,8.228070175438596
0099800403,7.7368421052631575
0140039589,8.266666666666667
0140042393,9.04
0140042520,8.333333333333334
0140042598,8.282051282051283
0140053204,8.346153846153847
0140067477,7.974025974025974
0140067779,7.809523809523809
0140071814,7.214285714285714
0140077022,7.611111111111111
0140092323,7.0
0140119906,8.0
0140131558,7.875
0140132708,8.0
0140143505,9.461538461538462
014017737X,8.058823529411764
0140177396,8.264705882352942
0140179836,7.9
0140185216,7.576923076923077
0140186409,8.227272727272727
0140230165,7.944444444444445
014023313X,7.352941176470588
014023828X,7.631578947368421
0140244824,6.555555555555555
014025448X,7.666666666666667
0140254544,8.175
0140257934,7.84
0140258795,8.0
0140265686,8.045454545454545
0140265988,8.142857142857142
0140270590,8.0
0140276904,6.578947368421052
014028009X,7.732142857142857
0140280464,7.888888888888889
0140280553,7.2592592592592595
0140282033,8.25
0140293248,6.723076923076923
014029628X,7.838235294117647
0140296298,7.421052631578948
0140296409,8.235294117647058
0140298479,7.6947368421052635
0140328696,8.5
014034294X,8.428571428571429
0140345353,8.2
0140374248,8.588235294117647
014038572X,8.066666666666666
0140386335,8.85
0140386645,8.090909090909092
0140430016,7.6923076923076925
0140430725,8.666666666666666
0140440046,7.655172413793103
0140481346,6.3
0140481389,8.047619047619047
0140620184,8.153846153846153
0140620222,8.947368421052632
0140620338,8.0
0140620427,8.352941176470589
014100018X,7.8478260869565215
0141000198,7.5396825396825395
0141007338,7.85
0141301155,8.705882352941176
014131088X,8.258064516129032
0142000205,7.368932038834951
0142000663,8.956521739130435
0142001430,8.295774647887324
0142001740,8.512396694214877
0142001805,8.440677966101696
0142001821,7.869565217391305
0142002267,8.21875
0142003727,7.875
0142004235,8.557692307692308
0142004278,7.125
0151002290,6.882352941176471
015100692X,7.696969696969697
0151008116,8.178082191780822
0156001314,8.833333333333334
0156005891,7.964285714285714
0156006529,7.208333333333333
015600710X,8.347826086956522
0156007479,7.96
0156007754,8.558823529411764
0156011042,6.6923076923076925
0156012197,9.428571428571429
0156027321,8.092391304347826
0156028778,6.9375
015602943X,8.695652173913043
0156528207,9.0
0156628708,6.921052631578948
0156711427,7.2631578947368425
0310205719,8.166666666666666
031205436X,7.466666666666667
0312099436,8.133333333333333
0312144075,8.166666666666666
0312147015,8.333333333333334
0312150601,7.842105263157895
0312171838,7.818181818181818
0312195516,8.230483271375464
0312199430,7.875
0312201656,8.193548387096774
0312205406,8.157894736842104
0312243022,7.229166666666667
0312244266,7.458333333333333
0312263120,7.35
0312265840,8.11111111111111
0312265859,8.28888888888889
0312265867,8.754716981132075
0312272057,7.529411764705882
0312274920,7.894736842105263
0312275420,7.6923076923076925
0312278586,7.50625
0312282990,8.161764705882353
0312283709,7.478260869565218
0312284683,8.1
0312288115,4.866666666666666
0312291639,7.190839694656488
0312305060,7.6568627450980395
0312306326,7.3061224489795915
0312421273,6.862745098039215
0312422156,8.411764705882353
031242227X,7.6440677966101696
0312924585,8.427083333333334
0312924801,7.535714285714286
0312925883,8.352941176470589
0312952716,8.227272727272727
0312955006,8.304347826086957
0312961324,7.777777777777778
0312966091,8.168539325842696
0312966806,7.791666666666667
0312966970,8.145833333333334
0312971125,7.3478260869565215
0312971346,8.382716049382717
0312974256,7.703703703703703
0312976275,7.873239436619718
0312978367,7.681818181818182
0312978383,8.0
0312979096,7.827586206896552
0312979479,8.4
0312980140,8.168674698795181
0312980159,7.878048780487805
0312982518,7.333333333333333
0312983271,7.078651685393258
031298328X,6.6521739130434785
0312983298,7.142857142857143
0312983301,7.333333333333333
0312983824,7.463414634146342
0312983867,8.083333333333334
0312986343,7.0
0312990456,8.365079365079366
0312995423,7.7
0316089699,7.928571428571429
0316096199,8.22689075630252
0316143464,8.15
0316153915,7.411764705882353
0316154059,7.833333333333333
0316168688,8.170731707317072
0316168815,7.972222222222222
0316182540,8.108108108108109
0316284955,7.852713178294573
0316316962,8.083333333333334
0316569321,7.443298969072165
0316601950,7.46829268292683
0316602051,7.545454545454546
0316602906,7.818181818181818
0316603287,6.95
0316603570,8.314285714285715
0316666009,7.571428571428571
0316666343,8.253549695740364
0316678104,8.03125
0316690619,6.764705882352941
0316693006,8.576923076923077
0316693200,7.82
0316693235,7.5
0316693251,8.085714285714285
0316693286,8.148148148148149
0316693294,8.193548387096774
0316693324,7.5
0316734837,7.826086956521739
0316735027,8.277777777777779
0316769487,7.597765363128492
0316769495,7.684210526315789
0316769509,7.956521739130435
0316776963,7.976923076923077
0316777722,7.947368421052632
0316777730,8.285714285714286
0316779237,7.923076923076923
0316779423,7.5625
0316779490,7.954545454545454
0316780375,7.25
0316780812,8.08
0316781010,7.909090909090909
0316781142,6.978260869565218
0316781266,6.848484848484849
0316782262,6.857142857142857
0316782505,7.769230769230769
0316788228,7.926829268292683
0316789089,7.7
0316789844,8.105263157894736
0316789976,7.2105263157894735
0316899984,6.87719298245614
0316969443,7.5344827586206895
0316969680,7.389830508474576
0330262130,8.52
0330267388,8.73076923076923
0330332775,7.346938775510204
0330367358,7.705882352941177
0330375253,8.333333333333334
0330485385,7.166666666666667
0330489461,7.529411764705882
034529873X,7.894736842105263
0345301110,7.357142857142857
0345303067,7.904761904761905
034530988X,8.375
0345313151,8.227272727272727
0345313860,8.093023255813954
0345314255,7.655172413793103
0345316509,7.833333333333333
0345317580,8.055555555555555
0345318854,8.0
0345325818,8.23076923076923
0345333926,8.318181818181818
0345334531,6.967741935483871
0345335465,8.347826086956522
0345335511,7.888888888888889
0345337662,7.706185567010309
0345338588,8.217391304347826
0345339495,8.35
0345339681,8.826771653543307
0345339703,8.877358490566039
0345339711,9.202702702702704
0345339738,9.408450704225352
0345342968,8.731092436974789
0345346491,8.153846153846153
0345347536,7.7
0345348036,8.879310344827585
0345348109,8.444444444444445
0345350472,7.842105263157895
0345350499,8.652173913043478
0345350685,8.695652173913043
0345351525,7.544444444444444
0345353145,7.446428571428571
0345354613,7.411764705882353
0345354621,7.344827586206897
0345361792,8.528571428571428
0345362861,8.380952380952381
0345366239,7.966666666666667
034536676X,8.395833333333334
0345368754,7.90625
0345368932,8.045454545454545
0345369947,8.11111111111111
0345370775,7.8698224852071
0345370805,7.054054054054054
0345378482,7.568965517241379
0345378490,7.280487804878049
0345380371,7.291139240506329
034538184X,7.2631578947368425
0345382323,7.4
034538430X,7.388888888888889
0345384350,7.515151515151516
0345384369,8.195121951219512
0345384377,7.476190476190476
0345384466,7.910112359550562
034538475X,7.228915662650603
0345384911,7.777777777777778
0345386108,6.9393939393939394
0345386132,7.611111111111111
0345387651,7.589041095890411
0345389417,7.476190476190476
0345389964,7.28
0345391055,7.39344262295082
0345391802,8.350877192982455
0345391810,8.214285714285714
0345392825,7.580645161290323
034539657X,7.625
0345396936,7.84
0345397819,7.833333333333333
0345402871,7.571428571428571
034540288X,7.175
0345404114,7.3428571428571425
0345404319,7.777777777777778
0345404475,8.421052631578947
0345404769,7.4375
0345404793,7.647058823529412
034540761X,7.045454545454546
0345409469,7.8
0345409671,7.764705882352941
0345409973,8.2
0345413350,7.932203389830509
0345413369,8.475
0345413377,8.703703703703704
0345413865,7.304347826086956
0345413873,7.2272727272727275
0345413881,7.696969696969697
034541389X,7.51063829787234
0345413903,7.9818181818181815
0345416260,7.9411764705882355
0345416880,7.571428571428571
0345417623,7.871428571428571
0345418018,7.5
0345422317,7.15
0345422384,7.121212121212121
0345422406,6.352941176470588
0345422589,7.266666666666667
0345423097,7.684210526315789
0345423135,7.0588235294117645
0345423291,7.90625
0345423402,7.636363636363637
0345423615,7.2631578947368425
0345424719,8.065217391304348
0345425308,5.9375
0345425707,6.947368421052632
0345427637,7.238095238095238
0345433491,7.833333333333333
034543479X,7.448275862068965
0345434803,7.125
0345435028,7.96
0345435168,7.3023255813953485
0345435249,7.416666666666667
0345435796,7.2
0345436911,7.511627906976744
0345438329,7.512820512820513
0345439104,7.564102564102564
0345440765,7.357142857142857
0345441036,7.902439024390244
0345441133,7.35
0345441265,7.565217391304348
0345442768,6.705882352941177
0345442822,7.95
0345443284,7.072916666666667
0345443683,7.894736842105263
0345444884,8.136363636363637
0345445848,7.454545454545454
0345446666,7.730769230769231
0345446860,7.291666666666667
0345447840,7.823529411764706
0345447867,7.714285714285714
0345449347,6.782608695652174
0345450728,7.466666666666667
0345450892,8.357142857142858
034545104X,6.285714285714286
0345452534,8.125
0345452550,7.454545454545454
0345452569,7.782608695652174
0345453387,7.526315789473684
0345453816,7.6521739130434785
0345459202,8.206896551724139
0345465083,8.292682926829269
0349101779,8.045454545454545
0373218036,7.2727272727272725
0373218192,7.485714285714286
0373218397,7.257142857142857
0373218400,6.68
0373218486,6.8
0373218966,6.523809523809524
0373243286,7.380952380952381
0373243790,8.157894736842104
0373244487,7.28
0373250118,7.111111111111111
0373250126,6.911764705882353
0373250134,6.555555555555555
0373483503,7.88
0373483694,6.954545454545454
0373484003,8.0
0373484224,6.935483870967742
0373484232,7.4
0373484410,7.444444444444445
0373484429,7.7
0373484895,6.875
0373825013,6.7894736842105265
0374100128,6.625
0374121230,7.25
0374129983,7.288888888888889
0374172897,8.166666666666666
0374199698,8.235294117647058
0374270325,7.066666666666666
0374281602,6.666666666666667
0374480095,8.421052631578947
0374525641,8.708333333333334
0375400117,8.545454545454545
0375401598,6.45
0375401601,7.111111111111111
037540256X,7.588235294117647
0375406182,7.875
0375406530,7.454545454545454
0375411550,7.25
0375411992,7.461538461538462
0375412530,7.142857142857143
0375412824,7.463414634146342
037541309X,8.258064516129032
0375413634,7.551724137931035
0375414053,7.777777777777778
0375500510,8.057142857142857
0375502025,7.705882352941177
0375502238,7.813953488372093
0375504397,7.413043478260869
0375504613,7.647058823529412
0375506039,7.133333333333334
0375506276,7.611111111111111
0375507493,7.133333333333334
0375700757,7.608247422680412
0375701214,8.8125
0375701907,8.65
0375702709,7.714285714285714
0375703055,7.459016393442623
0375703063,7.090909090909091
0375703764,8.34375
0375703861,7.365384615384615
037570485X,7.625
037570504X,7.025
0375705171,8.277777777777779
0375705198,7.133333333333334
0375705856,7.649122807017544
0375706062,8.117647058823529
0375706410,7.620689655172414
0375706771,7.7421875
0375707972,7.3076923076923075
037570910X,7.8125
0375719180,7.428571428571429
0375724370,7.266666666666667
0375725784,7.196428571428571
0375725849,8.64
0375726349,7.619047619047619
0375726403,7.628318584070796
0375727132,7.4186046511627906
0375727345,7.425287356321839
0375756981,7.7272727272727275
0375758232,6.7368421052631575
0375758992,8.041666666666666
0375760911,7.441860465116279
037582233X,8.590909090909092
0375826688,8.375
0380001411,8.423076923076923
0380002450,7.444444444444445
0380002930,8.5875
038000321X,8.578947368421053
0380005239,8.466666666666667
038000917X,8.055555555555555
0380012863,8.106382978723405
038001503X,8.222222222222221
0380018179,8.1
0380600129,7.818181818181818
0380698714,8.333333333333334
0380702843,8.68421052631579
0380703882,6.7
0380710218,7.96078431372549
0380710722,8.235294117647058
0380714752,8.136363636363637
0380716542,7.0588235294117645
0380717018,7.613636363636363
0380718332,8.245283018867925
0380718340,8.208955223880597
038072118X,7.444444444444445
0380721643,7.25
0380722704,7.125
0380723638,7.55
0380725827,7.894736842105263
0380725835,7.761904761904762
0380726238,7.176470588235294
0380727501,8.210526315789474
0380728133,7.892857142857143
0380730138,6.739726027397261
0380730820,7.7368421052631575
0380730847,7.65625
0380731851,7.7682926829268295
0380752859,7.6
0380753006,8.222222222222221
0380778556,7.838709677419355
0380788624,8.35
0380789019,8.112244897959183
0380789035,7.895652173913043
0380789884,7.823529411764706
0380792745,7.6521739130434785
038079487X,7.465753424657534
0380804557,8.142857142857142
0380804697,7.125
0380805995,7.5625
0380807343,8.043478260869565
0380813815,8.727272727272727
0380814021,8.058823529411764
0380815923,7.421052631578948
0380816547,7.684210526315789
0380817691,7.925925925925926
0380818973,7.588235294117647
0380820293,7.846153846153846
0380820447,7.523809523809524
0380820854,7.631578947368421
0380820889,8.142857142857142
038082101X,7.605263157894737
0380973545,7.368421052631579
0380973650,8.380952380952381
0380977788,8.309090909090909
0380978415,8.636363636363637
0385199570,8.827586206896552
0385265700,7.3578947368421055
038529929X,7.073170731707317
038531258X,7.96
038531292X,7.2
0385314698,7.5
0385314744,7.133333333333334
0385315236,7.416666666666667
0385315309,7.166666666666667
038531700X,7.388888888888889
0385318073,8.125
0385318782,7.5
0385319037,7.277777777777778
0385319207,8.25
0385323638,6.9375
0385324057,7.212121212121212
038533334X,6.795454545454546
0385333412,7.333333333333333
038533348X,8.45
0385334036,7.1
0385335482,7.744525547445256
038533558X,8.857142857142858
0385335830,7.604651162790698
0385335881,8.168674698795181
0385336179,7.983050847457627
038533656X,6.631578947368421
0385336810,8.375
0385337116,7.4
0385337639,8.4
0385413041,8.047619047619047
0385418493,8.130434782608695
0385420161,8.208333333333334
038542017X,7.770833333333333
0385421982,8.555555555555555
038542471X,7.75
0385424728,7.446808510638298
0385424736,7.8604651162790695
0385425473,8.5
0385472943,7.925925925925926
0385472951,7.638297872340425
0385474016,7.456521739130435
0385474547,7.633333333333334
0385475721,7.290322580645161
0385475772,7.916666666666667
0385479565,8.175438596491228
0385480016,8.263157894736842
0385482388,7.242424242424242
0385484518,8.650684931506849
0385486804,8.102272727272727
038548951X,8.9
0385490445,8.363636363636363
038549081X,8.51063829787234
0385490992,7.26
0385492081,8.504950495049505
0385493800,7.326086956521739
0385494246,7.25
0385496095,8.0
0385497466,7.2
0385498721,8.296296296296296
0385498802,7.694915254237288
038550120X,7.758064516129032
0385502532,7.6923076923076925
0385503822,7.402597402597403
0385503857,8.481481481481481
0385503954,8.057142857142857
0385504209,8.52230971128609
0385504470,8.526315789473685
0385505833,7.473684210526316
0385507593,7.851851851851852
0385507607,8.2
0385508042,7.492537313432836
0385508417,7.457142857142857
038550926X,7.037735849056604
0385509456,8.0
0385509510,7.9
0385510438,8.48076923076923
0385511612,6.609375
0385512104,8.3
0385720106,7.119047619047619
0385720467,6.35
0385720920,8.25
0385720955,7.386363636363637
0385721420,7.191489361702128
038572179X,7.586206896551724
0385722192,7.72
0385722206,8.019417475728156
0385722435,8.225806451612904
0385729332,7.970588235294118
0385729340,9.043478260869565
0385730586,8.392156862745098
039304016X,8.352941176470589
0393050939,8.857142857142858
0393312836,8.375
0393317552,8.333333333333334
0393319296,7.6
0394223802,8.523809523809524
0394281802,7.428571428571429
0394281829,7.0
0394404289,9.0
0394571029,7.368421052631579
0394758285,8.285714285714286
039480001X,9.217391304347826
0394800168,9.1
0394820371,8.439024390243903
0395083567,8.666666666666666
039592720X,8.307692307692308
0395977894,8.454545454545455
0399133143,6.9
0399141065,8.066666666666666
0399141146,7.888888888888889
0399141464,7.761904761904762
0399142282,6.346153846153846
0399142789,8.0625
0399142851,7.96
0399143947,7.947368421052632
0399144463,7.11864406779661
039914465X,6.571428571428571
0399145087,7.96969696969697
039914563X,7.705882352941177
0399145672,7.578947368421052
0399145885,8.333333333333334
0399145923,8.0
0399145990,7.842105263157895
0399146008,7.666666666666667
0399146113,8.3
039914613X,7.444444444444445
0399146253,7.896551724137931
0399146431,8.131578947368421
039914675X,7.923076923076923
0399147128,7.666666666666667
0399147195,7.9743589743589745
0399147284,7.705882352941177
039914739X,5.380952380952381
0399148027,7.4
0399148248,8.3
039914840X,8.105263157894736
0399148639,7.884615384615385
0399148701,6.588235294117647
0399149155,8.222222222222221
0399149325,6.5
0399149392,8.35
0399149848,8.454545454545455
0399150439,8.5
039915079X,7.157894736842105
0399150897,7.489795918367347
0399151648,8.235294117647058
0399501487,8.044444444444444
0413537900,8.166666666666666
0425080021,8.105263157894736
0425083837,8.465116279069768
0425092917,7.777777777777778
0425097609,7.421052631578948
0425097722,7.647058823529412
0425098605,7.35
042510107X,7.634146341463414
0425101452,7.954545454545454
0425104346,8.210526315789474
0425105334,8.333333333333334
042510687X,7.238095238095238
0425107469,8.311111111111112
0425109720,8.128205128205128
0425113884,7.761904761904762
0425115801,8.23076923076923
0425116840,7.529411764705882
042511774X,7.28125
0425118703,7.476190476190476
0425119653,6.785714285714286
042511984X,7.1875
0425119920,8.0
0425120279,7.888888888888889
0425121259,7.424242424242424
0425121631,7.689655172413793
0425122123,7.882352941176471
0425124347,7.947368421052632
0425126064,7.611111111111111
0425128164,6.9714285714285715
0425129586,7.956521739130435
0425130215,8.0
0425130711,7.2
0425132048,8.066666666666666
0425132951,7.038461538461538
0425133516,7.708333333333333
0425133540,7.461538461538462
0425135020,7.125
042513525X,7.2926829268292686
0425136981,7.37037037037037
042513699X,7.695652173913044
0425137562,8.142857142857142
0425140032,7.16
0425141233,8.227272727272727
0425142485,6.956521739130435
0425143325,7.775510204081633
0425144429,7.2926829268292686
0425145638,7.611111111111111
0425146413,7.894736842105263
0425147363,7.173913043478261
0425147517,7.576923076923077
0425147584,6.96875
0425147622,8.0
0425148297,7.947368421052632
0425150143,6.5
0425150984,8.45
0425151867,7.15625
0425151875,6.315789473684211
0425152251,7.671428571428572
0425152499,8.105263157894736
0425152898,8.0
0425153975,8.0
0425154092,7.829268292682927
0425155404,6.806451612903226
0425155943,7.75
042515601X,7.0
0425157539,8.0
0425158594,6.64
0425158616,7.709090909090909
0425158632,7.791666666666667
0425158640,7.521739130434782
042516098X,6.581818181818182
0425161242,7.518518518518518
0425161722,6.578947368421052
0425162443,7.741379310344827
0425162788,6.235294117647059
0425163385,7.5
0425163407,7.7727272727272725
0425164349,7.733333333333333
0425166619,7.0
0425167313,7.125
0425167720,7.5
0425168298,7.8076923076923075
0425169693,7.354838709677419
0425169863,7.683333333333334
0425170349,7.513513513513513
0425171396,6.933333333333334
0425171493,7.375
0425172546,6.791666666666667
0425172996,7.666666666666667
0425174271,7.655172413793103
0425175405,7.6571428571428575
0425177173,7.064516129032258
042517736X,6.434782608695652
0425178102,7.481481481481482
0425178579,7.814814814814815
0425178765,7.368421052631579
0425178951,7.55
0425179613,7.620689655172414
0425179672,7.416666666666667
0425179885,6.967741935483871
0425180050,6.944444444444445
0425180638,7.388059701492537
0425180964,7.684210526315789
042518109X,7.5
0425181103,7.709677419354839
0425181111,7.7
0425181464,7.454545454545454
0425181685,7.833333333333333
042518286X,7.647058823529412
0425182878,7.666666666666667
0425182886,7.473684210526316
0425182908,5.370967741935484
0425183971,8.085714285714285
0425184129,7.173913043478261
0425184226,7.576923076923077
0425184943,7.260869565217392
0425185710,7.193548387096774
042518630X,7.653846153846154
0425188787,7.653846153846154
0425188809,8.5
0425189031,7.9
0425189864,7.884615384615385
0425190641,7.388888888888889
0425191184,6.884615384615385
0425191583,8.333333333333334
0425192725,7.8604651162790695
0425192733,6.2592592592592595
0432534220,6.0
0439064864,8.934959349593496
0439064872,8.855345911949685
0439136350,9.118110236220472
0439136369,9.065573770491802
0439139597,9.317460317460318
0439139600,9.020408163265307
043935806X,9.093023255813954
043936213X,9.268292682926829
0439404371,7.9655172413793105
0439425220,9.863636363636363
0440108268,7.535714285714286
0440111498,8.5
0440111811,7.315789473684211
0440122090,7.8125
0440127793,7.521739130434782
0440131480,8.117647058823529
0440174643,9.3
0440176484,7.05
0440178002,8.333333333333334
0440180295,8.234375
0440183057,7.666666666666667
0440200563,7.157894736842105
0440200989,7.37037037037037
0440201926,7.125
0440202043,8.2
0440204194,7.461538461538462
0440204208,7.315789473684211
0440204887,8.727272727272727
044020562X,7.6875
0440206154,7.9772727272727275
0440207622,6.7368421052631575
0440207770,7.136363636363637
0440211263,8.138461538461538
044021145X,7.882352941176471
0440211727,7.885542168674699
0440212359,6.894736842105263
0440212561,8.647058823529411
0440213029,7.260869565217392
0440213282,7.904761904761905
0440213290,7.575757575757576
0440213525,7.828125
0440214041,7.649635036496351
0440215625,8.640625
0440216745,6.947368421052632
0440217490,7.818181818181818
0440217520,7.75
0440217547,7.12
0440217563,8.725
0440218535,7.454545454545454
0440219078,8.633333333333333
0440220424,8.708333333333334
0440220602,7.406779661016949
0440220653,7.842105263157895
044022103X,7.6976744186046515
0440221099,7.526315789473684
0440221315,7.809523809523809
0440221471,7.804878048780488
0440221595,7.956521739130435
044022165X,7.553571428571429
0440222028,7.5
0440222656,7.458715596330276
0440222842,7.411764705882353
0440223202,8.488888888888889
0440223571,7.125
044022425X,8.793103448275861
0440224594,7.029411764705882
0440224624,7.043478260869565
0440224675,7.104651162790698
0440224705,7.0
0440224764,7.603448275862069
0440224780,7.882352941176471
0440224837,7.888888888888889
0440224853,7.368421052631579
0440225299,7.190476190476191
0440225701,7.514851485148514
0440225817,6.9523809523809526
0440225825,7.962962962962963
0440226104,7.3896103896103895
0440226430,7.615853658536586
0440229499,8.6
0440234743,7.6521739130434785
0440235162,7.795918367346939
0440235502,8.9
0440235596,7.578947368421052
0440235774,6.714285714285714
0440236053,7.464285714285714
0440236061,7.545454545454546
0440236169,7.684210526315789
0440236673,7.559322033898305
044023669X,7.5
0440236703,7.9375
0440236738,7.966666666666667
0440236819,7.333333333333333
0440236991,7.7
044023722X,7.4646464646464645
0440237262,7.368421052631579
0440237688,9.0
0440241073,7.3310344827586205
0440241162,7.185185185185185
0440241413,7.666666666666667
0440241537,7.616438356164384
0440242002,6.555555555555555
0440343194,8.952380952380953
0440401585,8.318181818181818
0440403278,8.333333333333334
0440404193,8.666666666666666
0440407524,8.411764705882353
0440414806,8.706896551724139
0440418321,9.0
0440439884,8.068965517241379
044048474X,8.25
0440487617,8.357142857142858
0440495962,8.0625
0440498058,8.921875
0440514428,8.11111111111111
0440901588,8.9375
0440940001,8.470588235294118
0440967694,8.538461538461538
0440998050,8.672727272727272
0441000916,8.03125
0441001971,8.392857142857142
0441002935,8.206896551724139
0441003257,8.310344827586206
0441003745,8.4
0441004520,8.178571428571429
0441005241,8.24
0441005489,7.837837837837838
0441005748,7.9523809523809526
0441005764,6.875
0441008534,7.916666666666667
0441009239,7.739130434782608
0441010512,8.166666666666666
0441102670,8.238095238095237
0441172695,8.380952380952381
0441172717,8.950819672131148
0441304834,7.533333333333333
0441569595,7.7592592592592595
0441627404,8.052631578947368
0441783589,7.631578947368421
0441790348,8.345454545454546
0445406518,7.583333333333333
0446310786,9.053892215568862
0446322180,7.7272727272727275
0446343455,7.521739130434782
0446350109,6.705882352941177
0446350982,7.95
0446353957,7.761904761904762
0446354732,6.722222222222222
0446359866,7.56
0446360589,6.925925925925926
0446360856,7.588235294117647
0446363251,7.121212121212121
0446364193,8.202127659574469
0446364495,7.888888888888889
0446364800,7.861111111111111
0446365386,9.0
0446365505,7.066666666666666
0446387878,7.7894736842105265
0446391301,7.592592592592593
0446394521,7.490566037735849
0446515078,7.0476190476190474
044651652X,7.460869565217391
0446516538,6.3076923076923075
0446518581,5.9411764705882355
044651862X,7.344262295081967
0446519081,6.409090909090909
0446519138,7.894736842105263
0446520802,8.116279069767442
044652087X,8.1
0446523569,8.133333333333333
0446525502,8.225806451612904
0446525537,7.633333333333334
0446525731,7.75
0446525774,7.166666666666667
0446525804,7.166666666666667
0446527017,5.894736842105263
0446527033,7.344827586206897
0446527041,7.842105263157895
0446527165,7.64
0446527785,7.324324324324325
0446527793,8.185185185185185
0446530077,7.0
0446530239,7.157894736842105
0446530387,7.705882352941177
0446530522,8.321428571428571
0446530891,7.904761904761905
0446531332,7.882352941176471
0446532231,8.294871794871796
0446532452,8.379310344827585
0446600253,8.157894736842104
0446600474,6.523809523809524
0446600660,7.869565217391305
0446601241,7.971014492753623
0446601977,8.444444444444445
0446602612,8.074074074074074
0446602620,8.030303030303031
0446603309,7.894736842105263
0446603422,8.28
0446603589,7.8108108108108105
0446603716,7.5675675675675675
0446603929,6.689655172413793
0446604089,7.0588235294117645
0446604232,7.666666666666667
0446604275,7.111111111111111
0446604658,7.6
0446604666,7.849056603773585
0446604801,7.916666666666667
0446604844,7.138888888888889
0446605239,7.690789473684211
0446605409,7.764705882352941
0446605484,8.030303030303031
0446606189,8.112903225806452
0446606324,7.439024390243903
0446606383,7.222222222222222
0446606812,7.2631578947368425
0446607193,7.5
0446607207,7.35
0446607657,7.569767441860465
0446607711,7.0638297872340425
0446608262,8.133333333333333
0446608602,6.761904761904762
0446608653,7.833333333333333
0446608815,7.430769230769231
0446608890,7.472222222222222
0446608955,7.777777777777778
0446609323,7.1891891891891895
0446609404,7.545454545454546
0446609617,7.75
0446609943,7.391304347826087
0446610038,7.776978417266187
0446610100,8.076923076923077
0446610178,6.875
0446610399,7.430555555555555
0446610542,7.384615384615385
044661064X,7.8076923076923075
044661095X,5.35
0446611085,7.793103448275862
0446611212,7.743589743589744
0446611239,7.8076923076923075
0446611611,8.038461538461538
044661162X,7.269230769230769
0446611638,7.961538461538462
0446611778,7.411764705882353
0446611808,7.945945945945946
0446611867,7.560975609756097
0446611913,8.238095238095237
0446611921,7.4
044661193X,7.4375
0446612545,7.695121951219512
0446612790,7.710843373493976
0446613266,8.027777777777779
0446613436,7.857142857142857
0446613843,7.590909090909091
0446667900,7.470588235294118
0446670111,7.794117647058823
0446670251,7.695652173913044
0446671002,6.5
0446672211,8.20814479638009
0446673544,6.323529411764706
0446675059,8.155555555555555
0446676098,8.125
0446677450,8.117647058823529
0446678457,7.842105263157895
0446679364,7.678571428571429
0446679593,7.88135593220339
0448095017,7.684210526315789
0449002411,7.260869565217392
0449002632,8.107142857142858
044900371X,7.964285714285714
0449003787,7.327586206896552
0449003795,7.301587301587301
0449003981,7.809523809523809
0449005615,8.538461538461538
0449005836,7.166666666666667
0449005909,8.052631578947368
0449006522,7.804878048780488
0449006530,7.5
0449134482,6.8
0449149676,8.142857142857142
0449203794,7.869565217391305
0449204324,7.461538461538462
0449208672,7.7894736842105265
0449212602,8.54945054945055
0449213447,8.0
0449213943,8.894736842105264
0449219364,8.071428571428571
0449219410,8.235294117647058
0449219461,7.729166666666667
044922046X,7.6923076923076925
0449221180,8.538461538461538
0449221482,8.142857142857142
0449221490,7.673913043478261
0449221504,7.666666666666667
0449221512,7.673076923076923
0449223604,7.926829268292683
0449223612,7.48936170212766
0449227421,7.48
0449907481,7.786885245901639
044990928X,8.785714285714286
0449910237,7.05
0449910571,7.5
0449911004,7.8076923076923075
0449911446,8.08695652173913
0449911519,8.487179487179487
0449912558,8.4
0451099648,7.8125
0451124340,8.476190476190476
0451132378,8.28
0451137965,7.774193548387097
0451142934,8.08108108108108
0451147367,8.090909090909092
0451149513,8.333333333333334
0451151259,8.151515151515152
0451153553,8.2
0451155750,7.714285714285714
0451156609,7.17741935483871
0451157443,7.2105263157894735
0451160525,8.134615384615385
0451160916,8.055555555555555
0451161343,7.608695652173913
0451161351,7.354838709677419
0451162072,8.095238095238095
0451163524,8.263157894736842
0451163966,8.55813953488372
0451166582,8.516129032258064
0451166892,8.457142857142857
0451167317,7.6461538461538465
0451167538,8.045454545454545
0451167716,8.758620689655173
0451167805,7.758620689655173
0451168615,8.0
0451169514,8.114285714285714
0451169522,8.023255813953488
0451169530,8.559322033898304
0451170385,7.742857142857143
0451172817,8.048387096774194
0451173139,7.2727272727272725
0451173317,8.44
0451176464,7.473684210526316
0451177096,7.7407407407407405
0451179285,8.88888888888889
0451180232,8.093023255813954
0451180410,7.333333333333333
0451180429,7.611111111111111
0451181379,7.694444444444445
0451183665,6.872340425531915
0451184718,7.8125
0451184963,7.71830985915493
0451186362,7.617647058823529
0451186923,8.235294117647058
0451188454,8.157894736842104
0451188462,7.324324324324325
0451188489,7.3
0451190491,8.473684210526315
0451190521,7.787878787878788
0451190548,7.848484848484849
0451190556,8.44
0451190564,8.518518518518519
0451190572,8.375
0451191013,6.8
0451191137,8.263157894736842
0451191145,8.152173913043478
0451191153,8.444444444444445
0451192036,8.176470588235293
0451196716,7.6
0451197399,7.96
0451197747,7.32258064516129
0451202341,7.2631578947368425
0451202503,7.7368421052631575
0451203593,7.7
0451203771,7.627450980392157
0451203895,5.619047619047619
0451204530,7.323529411764706
0451204891,7.8
0451205421,7.612903225806452
0451205626,7.333333333333333
0451206525,7.857142857142857
0451206673,7.894736842105263
0451207521,7.4
0451208765,7.4411764705882355
0451208811,7.4
0451209907,7.606060606060606
0451210743,7.954545454545454
0451403703,7.578947368421052
0451409973,7.478260869565218
0451410947,7.1
0451454243,8.277777777777779
0451456521,7.684210526315789
0451456718,8.294117647058824
0451457811,8.181818181818182
0451523377,8.166666666666666
0451524934,8.797619047619047
0451526341,8.31081081081081
0452260116,7.36734693877551
0452262143,8.318181818181818
0452264464,7.863636363636363
0452266564,7.0
0452268060,7.166666666666667
0452269571,8.346153846153847
0452277337,7.0
0452278902,8.25
0452279178,8.3125
0452280621,7.410256410256411
0452281032,8.578947368421053
0452281679,7.545454545454546
0452281725,7.6923076923076925
0452281784,6.423076923076923
0452281881,7.428571428571429
0452281903,7.769230769230769
0452282128,7.3125
0452282152,8.004739336492891
0452282195,7.282608695652174
0452282829,7.065420560747664
0452283205,7.2745098039215685
0452283442,7.645161290322581
0452284295,7.1875
0452284449,7.888888888888889
0452284937,8.0
048627263X,7.333333333333333
0515087122,7.409090909090909
0515090174,7.041666666666667
0515090506,7.235294117647059
0515093203,7.142857142857143
0515093556,6.85
0515095826,6.925925925925926
0515102636,8.666666666666666
0515102652,7.208333333333333
0515103292,7.875
051510566X,6.695652173913044
0515111279,7.25
0515114693,8.291666666666666
051511779X,8.071428571428571
0515118230,7.117647058823529
0515118559,7.4375
0515118656,7.52
0515119644,6.947368421052632
0515119784,7.666666666666667
051511992X,7.870967741935484
0515120006,7.478260869565218
0515120618,7.9655172413793105
0515120898,7.9523809523809526
0515121495,6.6875
0515121843,7.891891891891892
051512219X,7.12
0515122491,7.5
0515122734,8.379310344827585
051512317X,8.0
0515124214,7.481481481481482
0515124893,7.3125
0515125628,7.764705882352941
051512608X,6.892857142857143
0515126489,6.842105263157895
0515126772,8.068965517241379
0515127221,8.0
0515127396,6.85
0515127833,7.545454545454546
0515128546,7.857142857142857
0515128554,7.8
0515129941,6.647058823529412
0515130044,7.461538461538462
0515130389,7.277777777777778
0515130966,6.92
0515131083,8.136363636363637
0515131229,7.989130434782608
0515132020,7.96
0515132136,7.3
0515132187,7.348837209302325
0515132268,7.3478260869565215
051513287X,7.923076923076923
0515133302,6.774193548387097
0515133639,7.818181818181818
0515133876,7.913043478260869
0515133973,7.7317073170731705
0515134279,8.055555555555555
0515134384,6.96
0515135062,7.884615384615385
0515135739,7.733333333333333
051513628X,8.069767441860465
0515136379,7.822222222222222
0515136530,8.5
0515137111,7.863636363636363
0517122707,8.16
0517149257,9.0
0517556278,7.894736842105263
0517580497,7.588235294117647
0525941908,7.115384615384615
0525945210,8.705882352941176
052594527X,8.5
0525945725,7.714285714285714
0525945938,7.470588235294118
0525946233,7.65
0525946829,7.666666666666667
0525947299,8.413793103448276
0525947647,8.48076923076923
0552124753,7.886792452830188
0552128481,7.870967741935484
0552131059,7.65625
0552131067,8.475
0552131075,7.482758620689655
0552134619,7.428571428571429
0552134627,7.909090909090909
0552134643,8.19047619047619
0552134651,8.333333333333334
0552137030,8.863636363636363
0552140287,8.210526315789474
0552140295,8.181818181818182
0552142379,8.263157894736842
0552143774,7.238095238095238
0552145424,8.047619047619047
0552147680,8.235294117647058
0552996009,8.217391304347826
0552996181,7.375
0552998001,7.851851851851852
0552998486,8.0
0552999458,7.357142857142857
0552999954,7.125
0553096060,7.15
0553099558,7.6875
0553106643,8.2
0553148001,9.0
0553208845,8.69767441860465
0553210092,7.464285714285714
0553210793,8.391304347826088
0553211404,8.64864864864865
0553212451,7.833333333333333
0553212478,8.095238095238095
0553212583,8.043478260869565
0553213105,8.444444444444445
055321313X,8.91304347826087
0553213148,8.857142857142858
0553213164,8.95
0553213172,8.869565217391305
0553213180,8.714285714285714
055321330X,7.2272727272727275
0553213695,8.095238095238095
0553234811,7.739130434782608
0553250426,8.291139240506329
0553250531,8.174603174603174
0553258001,8.1875
0553260111,7.566666666666666
0553260960,7.611111111111111
0553262505,7.517241379310345
0553263226,7.409090909090909
0553265741,7.464285714285714
0553268449,7.958333333333333
0553268880,8.0
0553268937,7.9375
0553271636,7.821428571428571
0553272535,8.688524590163935
0553272837,6.96
0553273914,8.25
0553274295,8.75609756097561
0553274325,9.38888888888889
0553274503,8.294117647058824
0553275976,7.2272727272727275
0553277243,7.8
0553277472,7.769230769230769
0553277537,8.347826086956522
0553278029,7.823529411764706
0553278223,8.36
0553278274,7.739130434782608
0553278355,8.142857142857142
0553278592,7.75
0553278746,7.7894736842105265
055327886X,8.0
0553279378,8.135593220338983
0553279556,8.10204081632653
0553279912,7.595505617977528
0553280341,7.904109589041096
0553280368,8.294117647058824
0553280414,7.446808510638298
0553280589,8.368421052631579
0553280945,8.0
0553281747,8.166666666666666
0553282476,7.6
0553283685,7.956521739130435
0553284789,7.882352941176471
0553285920,7.588235294117647
0553287346,7.470588235294118
0553287737,7.842105263157895
0553287893,8.777777777777779
0553289411,7.523809523809524
055328942X,7.0
0553289691,7.48
0553292722,6.864864864864865
0553293354,8.0
0553294385,8.31578947368421
0553294903,7.7272727272727275
0553295772,7.285714285714286
0553295977,8.041666666666666
0553296981,8.661538461538461
0553299506,7.277777777777778
0553348973,7.0
0553348981,8.619047619047619
0553375407,8.298245614035087
0553377868,8.12
0553377876,6.944444444444445
0553377884,8.55
055337933X,7.9375
0553380095,7.529411764705882
0553380958,8.125
0553382179,8.777777777777779
0553560247,7.59375
0553560735,7.944444444444445
055356160X,7.8
0553561618,7.2368421052631575
0553562614,8.26923076923077
0553562738,8.703703703703704
0553562967,8.68421052631579
0553563521,8.142857142857142
055356451X,7.957446808510638
0553564528,7.733333333333333
0553565915,7.217391304347826
0553566040,8.235294117647058
055356773X,7.7
0553568701,7.684210526315789
0553568760,7.411764705882353
0553569031,7.782608695652174
0553569058,7.578947368421052
0553569155,7.206896551724138
0553569910,7.757575757575758
0553571656,7.962962962962963
0553571818,7.214285714285714
0553571885,8.088235294117647
0553572040,7.636363636363637
0553572202,7.65
0553572210,6.5625
055357227X,7.130434782608695
055357230X,7.1923076923076925
0553572326,7.964285714285714
055357258X,7.866666666666666
0553572997,7.649484536082475
0553573136,7.902439024390244
0553573209,6.55
0553573403,8.655172413793103
0553573616,7.526315789473684
0553573861,8.142857142857142
0553574574,7.680851063829787
0553574639,8.590909090909092
0553574663,7.678571428571429
0553574671,7.565217391304348
0553575104,7.176470588235294
0553575384,8.25925925925926
0553575538,7.388888888888889
0553576089,8.047619047619047
0553576798,7.76
0553576801,7.314285714285714
055357695X,7.588235294117647
0553578022,7.976190476190476
0553578308,7.25
0553578316,7.111111111111111
0553578359,7.473684210526316
0553578685,8.142857142857142
0553578693,8.030303030303031
0553579606,7.1063829787234045
0553579754,7.781818181818182
0553579983,7.8
0553580191,7.837837837837838
0553580221,7.75
0553580272,7.75
0553580515,8.0
0553580930,7.24
055358099X,6.95
0553581554,7.793103448275862
0553582127,7.5
0553582135,7.191489361702128
0553582143,7.866666666666666
0553582364,7.590909090909091
0553582526,7.3076923076923075
055358264X,7.55
0553582658,7.8125
0553582747,8.083333333333334
0553582755,7.638888888888889
0553582763,7.942857142857143
0553582801,7.375
0553583441,7.44
0553583468,7.483870967741935
0553583956,7.294117647058823
0553583980,7.476190476190476
0553584049,7.4
0553584375,8.31578947368421
0553584383,7.173913043478261
0553584510,8.09375
0553586122,7.666666666666667
0553800973,7.3125
0553801376,7.583333333333333
0553801430,8.347826086956522
0553802461,7.5
0553802488,7.866666666666666
0553802496,8.548387096774194
0553813021,7.666666666666667
0571081789,8.235294117647058
0575400951,7.928571428571429
0590112899,8.705882352941176
059030271X,8.722222222222221
0590353403,9.046296296296296
059035342X,8.94758064516129
0590371258,8.0
0590660543,8.24
0609608444,8.84
0609610597,7.111111111111111
0609804138,7.607142857142857
060980619X,7.7727272727272725
0609807900,8.26086956521739
0609809547,7.428571428571429
0618002219,9.0
0618002227,9.025
0618002235,9.714285714285714
0618129022,9.0
0670030643,7.758620689655173
0670031909,8.0
0670032379,8.678571428571429
0670805149,7.954545454545454
0670813028,8.15
0670813648,8.578947368421053
0670835382,8.307692307692308
0670839531,7.806451612903226
0670844527,7.551724137931035
0670851086,7.578947368421052
0670855030,8.5
0670858692,7.607142857142857
0670865796,7.611111111111111
0670868361,7.967741935483871
0670869902,6.3478260869565215
0670880728,7.520833333333333
067088300X,6.90566037735849
0670892963,7.314814814814815
0670894184,7.214285714285714
0670894605,8.75609756097561
067091021X,8.11111111111111
067100042X,7.56
0671001132,8.523809523809524
0671001795,8.25233644859813
0671002481,7.833333333333333
0671003364,7.285714285714286
0671003755,7.56875
0671004107,7.851851851851852
0671004530,7.666666666666667
0671004549,7.4
0671004565,7.5
0671004573,7.659574468085107
0671011367,7.204545454545454
0671011375,7.852941176470588
0671014196,7.318181818181818
067101420X,6.774193548387097
0671014919,6.576923076923077
0671016652,7.117647058823529
0671016768,7.904761904761905
0671016776,7.5625
0671021001,7.755813953488372
0671023616,7.717948717948718
0671024094,7.84
0671024108,6.913043478260869
067102423X,7.909090909090909
0671024248,7.5344827586206895
0671025333,6.653846153846154
067102535X,7.7727272727272725
0671026011,7.6923076923076925
0671027344,8.047619047619047
0671027360,8.079295154185022
0671027387,7.602564102564102
0671027573,7.928571428571429
0671027581,7.0
0671027646,8.047619047619047
0671027662,7.958333333333333
0671028367,7.148148148148148
0671028375,8.024390243902438
0671028383,7.2272727272727275
0671034006,8.035714285714286
0671034022,7.956521739130435
0671034057,7.352941176470588
067103619X,7.15
0671036505,7.214285714285714
0671038184,7.544117647058823
0671038443,7.821428571428571
0671038567,7.631578947368421
0671039725,8.318181818181818
0671039741,8.409090909090908
0671041789,8.474358974358974
0671042262,8.0
0671042556,8.375
0671042572,7.470588235294118
0671042858,7.202702702702703
0671250671,7.6923076923076925
0671443283,7.277777777777778
0671510053,7.675438596491228
0671510126,8.6
0671519816,8.0625
0671524313,7.894736842105263
0671525743,8.041666666666666
0671527215,8.608695652173912
0671528904,7.666666666666667
0671534718,7.076923076923077
0671534734,6.391304347826087
0671568175,7.676470588235294
0671568833,7.388888888888889
0671617028,8.72549019607843
0671623249,8.555555555555555
067164257X,7.909090909090909
0671660632,7.705882352941177
0671670689,7.384615384615385
0671673688,6.925925925925926
067168390X,9.185185185185185
0671683993,7.428571428571429
067169071X,7.444444444444445
0671693816,6.6938775510204085
067169507X,7.92
0671695126,7.666666666666667
0671695169,7.0476190476190474
0671695304,7.666666666666667
0671701231,7.55
0671705091,8.681818181818182
0671708635,6.75
067172262X,8.681818181818182
0671726889,7.6
0671727583,6.76
0671727796,8.434782608695652
0671729411,8.133333333333333
0671729462,7.555555555555555
0671741187,7.818181818181818
0671741195,8.08695652173913
0671742515,8.45
0671743058,8.291666666666666
0671744216,8.192307692307692
0671755064,6.809523809523809
0671758896,7.454545454545454
0671759345,7.72
0671776134,8.025
0671776975,8.55
0671789422,8.333333333333334
0671793489,8.170212765957446
0671822209,8.555555555555555
0671864173,7.1875
0671867091,7.911764705882353
0671867113,7.634146341463414
0671867156,8.0
0671867172,7.27906976744186
0671868691,7.739130434782608
0671868713,7.882352941176471
0671880187,7.9411764705882355
0671880314,8.25
0671886665,8.083333333333334
0671888587,7.424242424242424
0671894455,7.232558139534884
067697175X,8.633333333333333
0676973655,6.2
0679405283,7.0
0679412956,7.538461538461538
0679419454,7.947368421052632
0679419462,7.5
0679426140,8.117647058823529
0679426159,8.0
0679429220,7.8023255813953485
0679430946,8.733333333333333
0679432477,8.04
0679439382,6.185185185185185
0679441018,7.033333333333333
0679442405,8.4
0679442790,7.28125
0679444815,7.875
0679446486,7.67741935483871
0679448594,6.444444444444445
0679450408,7.5
0679454446,7.875
0679454454,7.8125
0679454470,7.222222222222222
0679454489,7.2272727272727275
0679457313,7.523809523809524
0679457526,8.413793103448276
0679459618,7.666666666666667
0679459626,7.64
0679720200,7.827586206896552
0679721037,8.631578947368421
0679721886,7.842105263157895
0679723110,7.956521739130435
0679723161,8.341463414634147
0679724362,7.444444444444445
0679731148,7.8478260869565215
0679731725,7.892857142857143
0679732411,8.11111111111111
0679732764,8.5
0679734775,7.3076923076923075
0679735666,8.210526315789474
0679735771,6.979591836734694
0679735909,7.685714285714286
0679736042,7.380952380952381
0679742298,8.5
0679744398,7.4375
0679745203,7.364864864864865
0679746048,7.367924528301887
0679751521,7.384615384615385
0679751602,7.607142857142857
0679760806,8.214285714285714
067976397X,7.9655172413793105
067976402X,7.78125
0679771476,7.0
0679772677,7.961538461538462
0679774025,8.642857142857142
0679775439,8.277777777777779
0679776818,7.352941176470588
0679781587,8.492
0679785892,8.555555555555555
0679879242,8.454545454545455
0679886370,7.5
0684195976,7.65
0684195984,7.464285714285714
0684800713,7.238095238095238
0684801051,8.625
0684801221,8.517241379310345
0684801469,7.882352941176471
0684801523,7.632183908045977
0684803860,8.4375
0684810387,6.791666666666667
0684810395,7.571428571428571
0684814994,8.241379310344827
0684815451,7.411764705882353
0684832291,6.944444444444445
0684833395,8.19047619047619
068483376X,8.153846153846153
0684835959,7.818181818181818
0684835983,8.12
0684841185,8.117647058823529
068484267X,8.417721518987342
068484477X,8.08421052631579
0684848783,7.338709677419355
0684853507,8.236842105263158
0684853515,7.844444444444444
0684853523,7.9655172413793105
0684857820,8.305555555555555
0684862719,7.821428571428571
0684863472,7.043478260869565
0684865742,7.456521739130435
0684867621,6.956521739130435
0684872153,8.0
068487217X,8.473684210526315
0684874350,8.422018348623853
0688163173,8.764705882352942
0688170528,8.333333333333334
0688177743,7.791666666666667
0688177751,7.612244897959184
0688177859,8.0625
0688177867,6.2631578947368425
0689817851,8.0
0740704818,8.91304347826087
0740723367,8.7
0743203631,7.325
0743206029,7.371428571428571
0743206045,7.787878787878788
0743206061,7.473684210526316
0743211375,7.428571428571429
0743211383,7.1521739130434785
0743222229,8.529411764705882
074322423X,7.6
0743224574,7.648648648648648
0743225082,7.586206896551724
0743225325,7.2631578947368425
074322535X,7.290322580645161
0743225406,7.529411764705882
0743225422,7.9411764705882355
0743227441,8.46774193548387
0743235150,8.025641025641026
0743236742,8.157894736842104
0743237188,7.577319587628866
0743237196,8.25
0743245520,7.333333333333333
0743247612,7.411764705882353
0743262174,8.238095238095237
0743406176,7.85
0743407083,7.608695652173913
0743411250,7.057142857142857
0743411269,7.421052631578948
0743411323,8.666666666666666
0743411331,7.294117647058823
0743412028,7.409090909090909
0743417682,7.444444444444445
0743418174,8.032085561497325
0743418190,7.636363636363637
0743418204,7.735849056603773
0743422910,7.117647058823529
0743424425,8.217391304347826
0743436210,7.440677966101695
074343627X,7.159420289855072
0743437640,7.527777777777778
0743437802,8.357142857142858
0743439740,8.541666666666666
0743454146,8.421052631578947
0743454529,9.571428571428571
0743455967,8.466666666666667
0743457358,7.777777777777778
0743457943,7.555555555555555
0743460529,7.333333333333333
0743467523,7.5
0743469801,7.833333333333333
0743486226,7.88
0747532745,8.5
0747538484,8.555555555555555
0747546290,8.73913043478261
0747551006,8.294117647058824
0749305401,7.285714285714286
0749309423,7.866666666666666
0749395990,8.0
0749397357,7.875
0749397543,7.783783783783784
0753804700,7.333333333333333
0765341972,6.045454545454546
0765342987,8.347826086956522
0767900383,7.383333333333334
0767902513,8.478260869565217
0767902521,8.123076923076923
0767902890,8.130434782608695
0767903382,8.0
0767903579,7.0
076790382X,7.741935483870968
0767903862,7.666666666666667
0767905180,7.5
0767905202,7.310344827586207
0767905385,7.7407407407407405
076790592X,8.548387096774194
0767905938,7.944444444444445
0767907817,7.84375
0767912233,7.666666666666667
0767913000,7.388888888888889
0767914767,7.7894736842105265
0767915054,6.5
0767916069,6.6923076923076925
0770422632,8.565217391304348
0771060548,8.884615384615385
0786808551,8.619047619047619
0786817070,7.5
0786861347,7.4
0786862564,7.2272727272727275
0786866020,8.066666666666666
0786866276,7.470588235294118
0786866586,6.516129032258065
0786866845,8.217391304347826
0786867647,8.291666666666666
0786868015,7.708333333333333
0786868619,8.038461538461538
0786868716,7.904255319148936
0786869216,7.95
0786881852,7.486486486486487
0786884592,7.173913043478261
0786885688,7.214285714285714
0786889020,6.88
0786889608,7.375
0786889616,7.095238095238095
0786890436,6.8108108108108105
0786915749,8.133333333333333
0802130208,7.148148148148148
0802132758,8.25
0802132952,5.368421052631579
0802135196,6.833333333333333
080213825X,5.682926829268292
0802139256,8.114285714285714
0804102988,8.318181818181818
080410526X,8.118421052631579
0804105820,8.05
0804106304,8.20253164556962
0804106436,7.352941176470588
080410753X,8.037037037037036
0804108749,7.419354838709677
0804109729,7.705882352941177
080411109X,7.854838709677419
0804111359,7.526315789473684
0804111898,7.7368421052631575
0804114609,8.238095238095237
0804114986,7.920454545454546
0804115613,8.576923076923077
0804115761,6.75
0804117683,5.888888888888889
080411868X,7.5625
080411918X,7.035714285714286
080411935X,7.882352941176471
0805019375,7.178571428571429
0805036377,7.285714285714286
0805036504,7.642857142857143
0805059555,7.6
0805062971,8.513513513513514
0805063889,8.413793103448276
0805063897,8.198019801980198
0807083054,8.533333333333333
0811801802,8.78125
0811802981,8.956521739130435
0811811409,8.277777777777779
0811825558,8.11111111111111
0812509250,7.708333333333333
0812511816,7.977777777777778
0812513738,7.9
0812517725,8.681818181818182
0812543262,7.545454545454546
0812548051,8.25925925925926
0812548094,8.0
0812550706,8.844444444444445
0812550757,8.458333333333334
0812551478,8.45
0812551486,7.666666666666667
0812565959,8.5
0812570944,8.11111111111111
0812575717,8.619047619047619
0812967240,6.923076923076923
0812969812,6.181818181818182
0812971043,6.7368421052631575
081297106X,8.5
0821769278,6.733333333333333
0821769367,7.6875
0826308791,8.157894736842104
0836204387,9.35
0836217691,9.35
0836218051,9.176470588235293
0836218221,9.578947368421053
0836218353,8.9
0836218515,8.4375
0836218620,9.25
0836218655,8.176470588235293
0836218787,9.391304347826088
0836220889,9.523809523809524
0836221192,8.333333333333334
0836221362,9.5
0842329129,7.716666666666667
084232920X,7.954545454545454
0842329218,8.380952380952381
0842329242,8.254237288135593
0842329250,8.543478260869565
0842329269,8.59375
0842329277,7.928571428571429
0842329285,8.375
0842329293,8.526315789473685
0842332251,8.133333333333333
084233226X,8.0
0842332278,7.863636363636363
0842332340,8.166666666666666
0842342702,7.545454545454546
0842373195,7.285714285714286
0860074382,8.476190476190476
0865471185,8.6875
0871136791,7.9245283018867925
087113795X,8.210526315789474
0874776945,8.73913043478261
0875421180,8.291666666666666
0877017883,9.046511627906977
0877733759,8.833333333333334
0880381736,8.266666666666667
0884046818,6.7894736842105265
0886773520,8.31578947368421
0886777631,8.266666666666667
0886777844,7.588235294117647
0887307876,8.307692307692308
0891073906,8.294117647058824
0891075275,8.88888888888889
0894803204,7.9375
0894805770,8.238095238095237
0894808249,8.290322580645162
089480829X,8.203703703703704
0920668372,9.263157894736842
0929634063,7.857142857142857
0971263906,7.571428571428571
0971880107,3.992957746478873
1400030382,8.5
140003065X,8.066666666666666
1400031346,8.30952380952381
1400031354,8.470588235294118
1400031362,8.377777777777778
140003180X,8.238095238095237
1400032717,8.666666666666666
1400033543,7.944444444444445
1400034779,8.054054054054054
1400077826,8.166666666666666
1550548913,8.125
1551665301,7.545454545454546
155166674X,7.571428571428571
1551666839,7.565217391304348
1551667010,7.1875
1551667509,6.894736842105263
1551668653,7.173913043478261
1551668912,8.157894736842104
1551668998,8.555555555555555
1551669498,7.285714285714286
1558506462,7.076923076923077
1558531025,7.833333333333333
155874262X,7.611111111111111
1558743316,7.625
1558743669,8.0
1558744150,7.767857142857143
155874424X,8.357142857142858
1558744592,8.333333333333334
1558744606,7.642857142857143
1558744630,7.216216216216216
1558745017,8.136363636363637
1558745157,8.311475409836065
1558745718,8.264705882352942
1558746161,7.7
1558746226,7.7272727272727275
1558747109,8.25
1559029838,8.052631578947368
1563890119,8.823529411764707
1565122968,7.321428571428571
1573220876,7.833333333333333
1573221112,7.88
1573221937,6.516129032258065
1573222267,7.125
1573225126,6.9
1573225517,8.386363636363637
1573225789,8.130434782608695
1573226521,7.96
1573227331,7.55
1573228214,7.6875
157322930X,6.666666666666667
1573229326,6.675
1573229571,7.933333333333334
1573229725,8.592592592592593
1576737330,7.078947368421052
1579546463,7.7894736842105265
1592400876,8.470588235294118
1844262553,8.0
1853260002,8.0625
1853260010,8.117647058823529
1853260207,7.666666666666667
1853261580,8.5
1857022424,8.0
1860492592,8.416666666666666
1878424114,7.125
1878424319,7.363636363636363
1880418568,9.2
193156146X,9.363636363636363
1931561648,8.7
2070360024,8.411764705882353
2253044903,8.363636363636363
2253063339,8.333333333333334
2253150711,7.75
2290311782,8.076923076923077
3150000017,8.866666666666667
325722575X,8.090909090909092
3257227809,7.545454545454546
3257228007,7.230769230769231
3257229534,8.066666666666666
3379015180,8.0
3404118960,8.9
3404148665,8.416666666666666
3423202327,7.5
3423202947,7.714285714285714
3423204206,7.833333333333333
3426029553,8.4
3442092981,8.307692307692308
3442437407,7.6
3442541751,6.933333333333334
3492045170,7.75
3548359698,6.75
3596150655,7.428571428571429
3596259924,8.636363636363637
3746614007,8.9
8408043641,8.166666666666666
8445071416,8.555555555555555
8495618605,7.142857142857143
8806142100,7.666666666666667
8807813025,8.5
8845205118,8.666666666666666
8873122933,7.0
